"VALUE","Freq","EVT_NAME","LFRDB","EVT_FUEL","EVT_FUEL_N","EVT_LF","EVT_PHYS","EVT_GP","EVT_GP_N","SAF_SRM","EVT_ORDER","EVT_CLASS","EVT_SBCLS","R","G","B","RED","GREEN","BLUE","ACRES","REL_PERCENT"
7367,3457108,"Ozark-Ouachita Shortleaf Pine Forest and Woodland",7367,2367,"Tr Ozark-Ouachita Shortleaf Pine Forest and Woodland","Tree","Conifer",690,"Shortleaf Pine-Oak Forest and Woodland","SAF 76: Shortleaf Pine-Oak","Tree-dominated","Closed tree canopy","Evergreen closed tree canopy",116,214,190,0.454902,0.839216,0.745098,768842,18.9
7582,2304443,"Ozark-Ouachita Oak Forest and Woodland",7367,2582,"Tr Ozark-Ouachita Oak Forest and Woodland","Tree","Hardwood",690,"Shortleaf Pine-Oak Forest and Woodland","SAF 76: Shortleaf Pine-Oak","Tree-dominated","Closed tree canopy","Deciduous closed tree canopy",116,214,190,0.454902,0.839216,0.745098,512496,12.6
7304,2235355,"Ozark-Ouachita Dry-Mesic Oak Forest",7304,2304,"Tr Ozark-Ouachita Dry-Mesic Oak Forest","Tree","Hardwood",660,"White Oak-Red Oak-Hickory Forest and Woodland","SAF 53: White Oak","Tree-dominated","Closed tree canopy","Deciduous closed tree canopy",85,187,194,0.333333,0.733333,0.760784,497131,12.2
7977,1994817,"Eastern Cool Temperate Pasture and Hayland",7977,2967,"Dab Pasture and Hayland","Herb","Agricultural",67,"Agricultural-Pasture and Hayland","LF 80: Agriculture","Herbaceous / Nonvascular-dominated","Herbaceous - grassland","Annual Graminoid/Forb",227,212,28,0.890196,0.831373,0.109804,443637,10.9
9322,1633732,"Southeastern North American Temperate Forest Plantation",9322,2574,"Tr Southeastern North American Temperate Forest Plantation","Tree","Conifer",731,"Managed Tree Plantation","LF 61: Managed Tree Plantation","Tree-dominated","Closed tree canopy","Evergreen closed tree canopy",158,67,14,0.619608,0.262745,0.054902,363333,8.9
7364,1364607,"Ozark-Ouachita Dry Oak Woodland",7364,2364,"Tr Ozark-Ouachita Dry Oak Woodland","Tree","Hardwood",662,"Post Oak Woodland and Savanna","SAF 40: Post Oak-Blackjack Oak","Tree-dominated","Open tree canopy","Deciduous open tree canopy",85,187,194,0.333333,0.733333,0.760784,303481,7.5
7583,1078623,"Ozark-Ouachita Shortleaf Pine-Oak Forest and Woodland",7367,2583,"Tr Ozark-Ouachita Shortleaf Pine-Oak Forest and Woodland","Tree","Conifer-Hardwood",690,"Shortleaf Pine-Oak Forest and Woodland","SAF 76: Shortleaf Pine-Oak","Tree-dominated","Closed tree canopy","Mixed evergreen-deciduous closed tree canopy",116,214,190,0.454902,0.839216,0.745098,239880,5.9
9823,698312,"Southeastern Ruderal Grassland",9323,2575,"Sh Southeastern Ruderal Grassland & Shrubland","Herb","Exotic Herbaceous",703,"Introduced Perennial Grassland and Forbland","LF 54: Introduced Upland Vegetation - Herbaceous","Herbaceous / Nonvascular-dominated","Herbaceous - grassland","Perennial graminoid grassland",255,105,46,1,0.411765,0.180392,155301,3.8
9321,544127,"Southeastern Native Ruderal Forest",9321,2573,"Tr Southeastern Native Ruderal Forest","Tree","Conifer-Hardwood",707,"Introduced Upland Vegetation-Treed","LF 51: Introduced Upland Vegetation - Tree","Tree-dominated","Open tree canopy","Mixed evergreen-deciduous open tree canopy",255,105,46,1,0.411765,0.180392,121011,3
7299,521304,"Developed-Roads",7299,2905,"Bau Developed-Roads","Developed","Developed-Roads",25,"Developed-Roads","LF 20: Developed","No Dominant Lifeform","No Dominant Lifeform","Developed",1,1,1,0.003922,0.003922,0.003922,115935,2.9
7292,378344,"Open Water",7292,11,"Ba Open Water","Water","Open Water",11,"Open Water","LF 11: Water","Non-vegetated","Non-vegetated","Non-vegetated",0,0,255,0,0,1,84142,2.1
7507,336661,"Ozark-Ouachita Shortleaf Pine-Bluestem Woodland",7507,2507,"Tr Ozark-Ouachita Shortleaf Pine-Bluestem Woodland","Tree","Conifer",689,"Shortleaf Pine Woodland","SAF 75: Shortleaf Pine","Tree-dominated","Open tree canopy","Evergreen open tree canopy",116,214,190,0.454902,0.839216,0.745098,74872,1.8
7334,303743,"Ozark-Ouachita Mesic Hardwood Forest",7334,2334,"Tr Ozark-Ouachita Mesic Hardwood Forest","Tree","Hardwood",655,"Beech-Maple-Basswood Forest","SAF 52: White Oak-Black Oak-Northern Red Oak","Tree-dominated","Closed tree canopy","Deciduous closed tree canopy",85,187,194,0.333333,0.733333,0.760784,67551,1.7
9223,206275,"South-Central Interior Large Floodplain Forest",9223,2471,"Tr Central Interior and Appalachian Floodplain Systems","Tree","Riparian",666,"Eastern Floodplain Forests","SAF 61: River Birch-Sycamore","Tree-dominated","Open tree canopy","Mixed evergreen-deciduous open tree canopy",0,92,0,0,0.360784,0,45874,1.1
9207,176341,"Ozark-Ouachita Riparian Forest",9207,2472,"Tr Central Interior and Appalachian Riparian Systems","Tree","Riparian",668,"Eastern Small Stream Riparian Forests","SAF 61: River Birch-Sycamore","Tree-dominated","Open tree canopy","Mixed evergreen-deciduous open tree canopy",0,92,0,0,0.360784,0,39217,1
7323,99391,"West Gulf Coastal Plain Mesic Hardwood Forest",7323,2323,"Tr West Gulf Coastal Plain Mesic Hardwood Forest","Tree","Hardwood",680,"Sweetgum-Water Oak Forest","SAF 92: Sweetgum-Willow Oak","Tree-dominated","Closed tree canopy","Deciduous closed tree canopy",145,255,115,0.568627,1,0.45098,22104,0.5
7371,67373,"West Gulf Coastal Plain Pine Forest",7371,2371,"Tr West Gulf Coastal Plain Pine Forest","Tree","Conifer",689,"Shortleaf Pine Woodland","SAF 82: Loblolly Pine-Hardwood","Tree-dominated","Closed tree canopy","Evergreen closed tree canopy",145,255,115,0.568627,1,0.45098,14983,0.4
7905,64870,"Eastern Cool Temperate Urban Deciduous Forest",7905,2913,"Dtd Urban Deciduous Forest","Tree","Developed",13,"Developed-Upland Deciduous Forest","LF 20: Developed","Tree-dominated","Open tree canopy","Deciduous open tree canopy",112,68,137,0.439216,0.266667,0.537255,14427,0.4
9211,73033,"Red River Large Floodplain Forest",9211,2473,"Tr Gulf and Atlantic Coastal Plain Floodplain Systems","Tree","Riparian",666,"Eastern Floodplain Forests","SAF 92: Sweetgum-Willow Oak","Tree-dominated","Open tree canopy","Mixed evergreen-deciduous open tree canopy",145,255,115,0.568627,1,0.45098,16242,0.4
9282,81200,"West Gulf Coastal Plain Large River Floodplain Forest",9282,2473,"Tr Gulf and Atlantic Coastal Plain Floodplain Systems","Tree","Riparian",666,"Eastern Floodplain Forests","SAF 92: Sweetgum-Willow Oak","Tree-dominated","Open tree canopy","Mixed evergreen-deciduous open tree canopy",145,255,115,0.568627,1,0.45098,18058,0.4
9284,80522,"West Gulf Coastal Plain Small Stream and River Forest",9284,2474,"Tr Gulf and Atlantic Coastal Plain Small Stream Riparian Systems","Tree","Riparian",668,"Eastern Small Stream Riparian Forests","SAF 92: Sweetgum-Willow Oak","Tree-dominated","Open tree canopy","Mixed evergreen-deciduous open tree canopy",145,255,115,0.568627,1,0.45098,17908,0.4
7296,61506,"Developed-Low Intensity",7296,2902,"Bau Developed-Low Intensity","Developed","Developed-Low Intensity",22,"Developed-Low Intensity","LF 20: Developed","No Dominant Lifeform","No Dominant Lifeform","Developed",255,122,143,1,0.478431,0.560784,13679,0.3
7906,62611,"Eastern Cool Temperate Urban Evergreen Forest",7906,2914,"Dtc Urban Evergreen Forest","Tree","Developed",14,"Developed-Upland Evergreen Forest","LF 20: Developed","Tree-dominated","Open tree canopy","Evergreen open tree canopy",170,102,205,0.666667,0.4,0.803922,13924,0.3
7297,32315,"Developed-Medium Intensity",7297,2903,"Bau Developed-Medium Intensity","Developed","Developed-Medium Intensity",23,"Developed-Medium Intensity","LF 20: Developed","No Dominant Lifeform","No Dominant Lifeform","Developed",253,44,79,0.992157,0.172549,0.309804,7187,0.2
7584,45397,"West Gulf Coastal Plain Hardwood Forest",7371,2584,"Tr West Gulf Coastal Plain Hardwood Forest","Tree","Hardwood",689,"Shortleaf Pine Woodland","SAF 82: Loblolly Pine-Hardwood","Tree-dominated","Closed tree canopy","Deciduous closed tree canopy",145,255,115,0.568627,1,0.45098,10096,0.2
7907,41524,"Eastern Cool Temperate Urban Mixed Forest",7907,2915,"Dtm Urban Mixed Deciduous-Evergreen Forest","Tree","Developed",15,"Developed-Upland Mixed Forest","LF 20: Developed","Tree-dominated","Open tree canopy","Mixed evergreen-deciduous open tree canopy",194,158,215,0.760784,0.619608,0.843137,9235,0.2
7929,42002,"Eastern Cool Temperate Developed Herbaceous",7929,2911,"Dgr Developed Herbaceous","Herb","Developed",16,"Developed-Upland Herbaceous","LF 20: Developed","Herbaceous / Nonvascular-dominated","Herbaceous - grassland","Perennial graminoid",158,170,215,0.619608,0.666667,0.843137,9341,0.2
7974,44107,"Eastern Cool Temperate Row Crop",7974,2964,"Da Row Crop","Agriculture","Agricultural",64,"Agricultural-Row Crop","LF 80: Agriculture","Herbaceous / Nonvascular-dominated","Herbaceous - grassland","Annual Graminoid/Forb",250,255,119,0.980392,1,0.466667,9809,0.2
7298,10479,"Developed-High Intensity",7298,2904,"Bau Developed-High Intensity","Developed","Developed-High Intensity",24,"Developed-High Intensity","LF 20: Developed","No Dominant Lifeform","No Dominant Lifeform","Developed",173,0,28,0.678431,0,0.109804,2330,0.1
7312,23514,"Ouachita Montane Oak Forest",7312,2312,"Tr Ouachita Montane Oak Forest","Tree","Hardwood",681,"Montane Oak Forest","SAF 40: Post Oak-Blackjack Oak","Tree-dominated","Closed tree canopy","Deciduous closed tree canopy",85,187,194,0.333333,0.733333,0.760784,5229,0.1
7505,22685,"Ouachita Novaculite Glade and Woodland",7505,2505,"Tr Ouachita Novaculite Glade and Woodland","Tree","Hardwood",662,"Post Oak Woodland and Savanna","SAF 40: Post Oak-Blackjack Oak","Tree-dominated","Sparse tree canopy","Mixed evergreen-deciduous sparse tree canopy",85,187,194,0.333333,0.733333,0.760784,5045,0.1
7585,9744,"West Gulf Coastal Plain Pine-Hardwood Forest",7371,2585,"Tr West Gulf Coastal Plain Pine-Hardwood Forest","Tree","Conifer-Hardwood",689,"Shortleaf Pine Woodland","SAF 82: Loblolly Pine-Hardwood","Tree-dominated","Closed tree canopy","Mixed evergreen-deciduous closed tree canopy",145,255,115,0.568627,1,0.45098,2167,0.1
7908,21719,"Eastern Cool Temperate Urban Herbaceous",7908,2916,"Dgr Urban Herbaceous","Herb","Developed",16,"Developed-Upland Herbaceous","LF 20: Developed","Herbaceous / Nonvascular-dominated","Herbaceous - grassland","Perennial graminoid",202,122,245,0.792157,0.478431,0.960784,4830,0.1
7925,24287,"Eastern Cool Temperate Developed Deciduous Forest",7925,2908,"Dtd Developed Deciduous Forest","Tree","Developed",13,"Developed-Upland Deciduous Forest","LF 20: Developed","Tree-dominated","Open tree canopy","Deciduous open tree canopy",64,61,168,0.25098,0.239216,0.658824,5401,0.1
7926,12134,"Eastern Cool Temperate Developed Evergreen Forest",7926,2909,"Dtc Developed Evergreen Forest","Tree","Developed",14,"Developed-Upland Evergreen Forest","LF 20: Developed","Tree-dominated","Open tree canopy","Evergreen open tree canopy",102,119,205,0.4,0.466667,0.803922,2699,0.1
7976,19572,"Eastern Cool Temperate Fallow/Idle Cropland",7976,2966,"Dab Fallow/Idle Cropland","Herb","Agricultural",66,"Agricultural-Fallow/Idle Cropland","LF 80: Agriculture","Herbaceous / Nonvascular-dominated","Herbaceous - grassland","Annual Graminoid/Forb",255,255,119,1,1,0.466667,4353,0.1
9708,22329,"Ozark-Ouachita Riparian Herbaceous",9207,2472,"Tr Central Interior and Appalachian Riparian Systems","Herb","Riparian",668,"Eastern Small Stream Riparian Forests","SAF 61: River Birch-Sycamore","Herbaceous / Nonvascular-dominated","Herbaceous - grassland","Perennial graminoid",0,92,0,0,0.360784,0,4966,0.1
9725,13069,"South-Central Interior Large Floodplain Herbaceous",9223,2471,"Tr Central Interior and Appalachian Floodplain Systems","Herb","Riparian",666,"Eastern Floodplain Forests","SAF 61: River Birch-Sycamore","Herbaceous / Nonvascular-dominated","Herbaceous - grassland","Perennial graminoid",0,92,0,0,0.360784,0,2906,0.1
9783,12815,"West Gulf Coastal Plain Large River Floodplain Herbaceous",9282,2473,"Tr Gulf and Atlantic Coastal Plain Floodplain Systems","Herb","Riparian",666,"Eastern Floodplain Forests","SAF 92: Sweetgum-Willow Oak","Herbaceous / Nonvascular-dominated","Herbaceous - grassland","Perennial graminoid",145,255,115,0.568627,1,0.45098,2850,0.1
7295,1259,"Quarries-Strip Mines-Gravel Pits-Well and Wind Pads",7295,32,"Bab Quarries-Strip Mines-Gravel Pits-Well and Wind Pads","Barren","Quarries-Strip Mines-Gravel Pits-Well and Wind Pads",32,"Quarries-Strip Mines-Gravel Pits-Well and Wind Pads","LF 20: Developed","Non-vegetated","Non-vegetated","Developed",230,232,250,0.901961,0.909804,0.980392,280,0
7378,2992,"West Gulf Coastal Plain Sandhill Shortleaf Pine Forest and Woodland",7378,2378,"Tr West Gulf Coastal Plain Sandhill Shortleaf Pine Forest and Woodland","Tree","Conifer",689,"Shortleaf Pine Woodland","SAF 76: Shortleaf Pine-Oak","Tree-dominated","Closed tree canopy","Evergreen closed tree canopy",116,214,190,0.454902,0.839216,0.745098,665,0
7415,520,"Arkansas Valley Prairie",7415,2415,"Tr Arkansas Valley Prairie and Woodland","Herb","Grassland",688,"Prairies and Barrens","SRM 732: Cross Timbers-Texas Little Bluestem-Post Oak","Herbaceous / Nonvascular-dominated","Herbaceous - grassland","Perennial graminoid grassland",255,153,0,1,0.6,0,116,0
7428,5466,"West Gulf Coastal Plain Northern Calcareous Prairie",7428,2428,"He West Gulf Coastal Plain Northern Calcareous Prairie","Herb","Grassland",688,"Prairies and Barrens","SRM 717: Little Bluestem-Indiangrass-Texas Wintergrass","Herbaceous / Nonvascular-dominated","Herbaceous - grassland","Perennial graminoid grassland",255,148,71,1,0.580392,0.278431,1216,0
7442,3378,"Arkansas Valley Prairie and Woodland",7415,2415,"Tr Arkansas Valley Prairie and Woodland","Tree","Hardwood",688,"Prairies and Barrens","SRM 732: Cross Timbers-Texas Little Bluestem-Post Oak","Tree-dominated","Open tree canopy","Deciduous open tree canopy",255,153,0,1,0.6,0,751,0
7458,52,"West Gulf Coastal Plain Pine Flatwoods",7458,2458,"Tr West Gulf Coastal Plain Pine Flatwoods","Tree","Conifer",684,"Pine Flatwoods","SAF 82: Loblolly Pine-Hardwood","Tree-dominated","Open tree canopy","Evergreen open tree canopy",145,255,115,0.568627,1,0.45098,12,0
7462,2303,"West Gulf Coastal Plain Seepage Swamp and Baygall",7462,2462,"Tr West Gulf Coastal Plain Seepage Swamp and Baygall","Tree","Riparian",694,"Atlantic Swamp Forests","LF 47: Gulf Coastal Plain Swamp","Tree-dominated","Open tree canopy","Mixed evergreen-deciduous open tree canopy",216,216,191,0.847059,0.847059,0.74902,512,0
7506,4739,"West Gulf Coastal Plain Nonriverine Wet Hardwood Flatwoods",7506,2506,"Tr West Gulf Coastal Plain Nonriverine Wet Hardwood Flatwoods","Tree","Riparian",673,"Hardwood Flatwoods","SAF 88: Willow Oak-Water Oak-Diamondleaf Oak","Tree-dominated","Open tree canopy","Deciduous open tree canopy",145,255,115,0.568627,1,0.45098,1054,0
7519,237,"East-Central Texas Plains Post Oak Savanna and Woodland",7519,2519,"Tr East-Central Texas Plains Post Oak Savanna and Woodland","Tree","Hardwood",662,"Post Oak Woodland and Savanna","SAF 40: Post Oak-Blackjack Oak","Tree-dominated","Open tree canopy","Deciduous open tree canopy",85,187,194,0.333333,0.733333,0.760784,53,0
7586,1467,"West Gulf Coastal Plain Sandhill Oak Forest and Woodland",7378,2586,"Tr West Gulf Coastal Plain Sandhill Oak Forest and Woodland","Tree","Hardwood",689,"Shortleaf Pine Woodland","SAF 76: Shortleaf Pine-Oak","Tree-dominated","Closed tree canopy","Deciduous closed tree canopy",116,214,190,0.454902,0.839216,0.745098,326,0
7587,381,"West Gulf Coastal Plain Sandhill Oak and Shortleaf Pine Forest and Woodland",7378,2587,"Tr West Gulf Coastal Plain Sandhill Oak and Shortleaf Pine Forest and Woodland","Tree","Conifer-Hardwood",689,"Shortleaf Pine Woodland","SAF 76: Shortleaf Pine-Oak","Tree-dominated","Closed tree canopy","Mixed evergreen-deciduous closed tree canopy",116,214,190,0.454902,0.839216,0.745098,85,0
7590,61,"West Gulf Coastal Plain Hardwood Flatwoods",7458,2590,"Tr West Gulf Coastal Plain Hardwood Flatwoods","Tree","Hardwood",684,"Pine Flatwoods","SAF 82: Loblolly Pine-Hardwood","Tree-dominated","Open tree canopy","Deciduous open tree canopy",145,255,115,0.568627,1,0.45098,14,0
7591,10,"West Gulf Coastal Plain Pine-Hardwood Flatwoods",7458,2591,"Tr West Gulf Coastal Plain Pine-Hardwood Flatwoods","Tree","Conifer-Hardwood",684,"Pine Flatwoods","SAF 82: Loblolly Pine-Hardwood","Tree-dominated","Open tree canopy","Mixed evergreen-deciduous open tree canopy",145,255,115,0.568627,1,0.45098,2,0
7909,77,"Eastern Cool Temperate Urban Shrubland",7909,2917,"Dsh Urban Shrubland","Shrub","Developed",17,"Developed-Upland Shrubland","LF 20: Developed","Shrub-dominated","Shrubland","Mixed evergreen-deciduous shrubland",207,171,215,0.811765,0.670588,0.843137,17,0
7927,6805,"Eastern Cool Temperate Developed Mixed Forest",7927,2910,"Dtm Developed Mixed Deciduous-Evergreen Forest","Tree","Developed",15,"Developed-Upland Mixed Forest","LF 20: Developed","Tree-dominated","Open tree canopy","Mixed evergreen-deciduous open tree canopy",68,79,137,0.266667,0.309804,0.537255,1513,0
7928,233,"Eastern Cool Temperate Developed Shrubland",7928,2912,"Dsh Developed Shrubland","Shrub","Developed",17,"Developed-Upland Shrubland","LF 20: Developed","Shrub-dominated","Shrubland","Mixed evergreen-deciduous shrubland",122,142,245,0.478431,0.556863,0.960784,52,0
7970,821,"Eastern Cool Temperate Orchard",7970,2960,"Dab Orchard","Tree","Agricultural",60,"Agricultural-Orchard","LF 80: Agriculture","Tree-dominated","Open tree canopy","Deciduous open tree canopy",210,28,94,0.823529,0.109804,0.368627,183,0
7971,3,"Eastern Cool Temperate Vineyard",7971,2961,"Da Vineyard","Agriculture","Agricultural",61,"Agricultural-Vineyard","LF 80: Agriculture","Shrub-dominated","Shrubland","Mixed evergreen-deciduous shrubland",168,0,132,0.658824,0,0.517647,1,0
7973,74,"Eastern Cool Temperate Row Crop - Close Grown Crop",7973,2963,"Da Row Crop - Close Grown Crop","Agriculture","Agricultural",63,"Agricultural-Row Crop-Close Grown Crop","LF 80: Agriculture","Herbaceous / Nonvascular-dominated","Herbaceous - grassland","Annual Graminoid/Forb",255,245,140,1,0.960784,0.54902,16,0
7975,1196,"Eastern Cool Temperate Close Grown Crop",7975,2965,"Da Close Grown Crop","Agriculture","Agricultural",65,"Agricultural-Close Grown Crop","LF 80: Agriculture","Herbaceous / Nonvascular-dominated","Herbaceous - grassland","Annual Graminoid/Forb",255,237,119,1,0.929412,0.466667,266,0
7978,1253,"Eastern Cool Temperate Wheat",7978,2968,"Da Wheat","Agriculture","Agricultural",68,"Agricultural-Wheat","LF 80: Agriculture","Herbaceous / Nonvascular-dominated","Herbaceous - grassland","Annual Graminoid/Forb",250,227,163,0.980392,0.890196,0.639216,279,0
7979,1,"Eastern Cool Temperate Aquaculture",7979,2969,"Da Aquaculture","Agriculture","Agricultural",69,"Agricultural-Aquaculture","LF 80: Agriculture","Herbaceous / Nonvascular-dominated","Herbaceous - grassland","Annual Graminoid/Forb",210,255,237,0.823529,1,0.929412,0,0
7990,1,"Eastern Warm Temperate Orchard",7990,2960,"Dab Orchard","Tree","Agricultural",60,"Agricultural-Orchard","LF 80: Agriculture","Tree-dominated","Open tree canopy","Deciduous open tree canopy",210,28,94,0.823529,0.109804,0.368627,0,0
7994,1,"Eastern Warm Temperate Row Crop",7994,2964,"Da Row Crop","Agriculture","Agricultural",64,"Agricultural-Row Crop","LF 80: Agriculture","Herbaceous / Nonvascular-dominated","Herbaceous - grassland","Annual Graminoid/Forb",250,255,119,0.980392,1,0.466667,0,0
9064,203,"Central Interior Acidic Cliff and Talus",9064,2497,"Sps Central Interior and Appalachian Sparsely Vegetated Systems","Sparse","Sparsely Vegetated",700,"Sparse Vegetation","LF 33: Sparsely Vegetated","No Dominant Lifeform","Sparsely vegetated","Sparsely vegetated",100,100,100,0.392157,0.392157,0.392157,45,0
9227,5,"Southeastern Coastal Plain Cliff",9227,2498,"Sps Gulf and Atlantic Coastal Plain Sparsely Vegetated Systems","Sparse","Sparsely Vegetated",700,"Sparse Vegetation","LF 33: Sparsely Vegetated","No Dominant Lifeform","Sparsely vegetated","Sparsely vegetated",100,100,100,0.392157,0.392157,0.392157,1,0
9320,551,"Southeastern Native Ruderal Flooded & Swamp Forest",9320,2572,"Tr Southeastern Native Ruderal Flooded & Swamp Forest","Tree","Riparian",708,"Introduced Woody Wetland Vegetation","LF 58: Introduced Woody Wetlands and Riparian Vegetation","Tree-dominated","Open tree canopy","Mixed evergreen-deciduous open tree canopy",0,132,168,0,0.517647,0.658824,123,0
9323,7179,"Southeastern Ruderal Shrubland",9323,2575,"Sh Southeastern Ruderal Grassland & Shrubland","Shrub","Exotic Tree-Shrub",706,"Introduced Upland Vegetation-Shrub","LF 52: Introduced Upland Vegetation - Shrub","Shrub-dominated","Shrubland","Mixed evergreen-deciduous shrubland",255,105,46,1,0.411765,0.180392,1597,0
9324,2070,"Southeastern Ruderal Wet Meadow & Marsh",9324,2576,"He Southeastern Ruderal Wet Meadow & Marsh","Herb","Riparian",709,"Introduced Herbaceous Wetland Vegetation","LF 59: Introduced Herbaceous Wetland and Riparian Vegetation","Herbaceous / Nonvascular-dominated","Herbaceous - grassland","Perennial graminoid grassland",255,105,46,1,0.411765,0.180392,460,0
9707,51,"Ozark-Ouachita Riparian Shrubland",9207,2472,"Tr Central Interior and Appalachian Riparian Systems","Shrub","Riparian",668,"Eastern Small Stream Riparian Forests","SAF 61: River Birch-Sycamore","Shrub-dominated","Shrubland","Mixed evergreen-deciduous shrubland",0,92,0,0,0.360784,0,11,0
9723,172,"South-Central Interior Large Floodplain Shrubland",9223,2471,"Tr Central Interior and Appalachian Floodplain Systems","Shrub","Riparian",666,"Eastern Floodplain Forests","SAF 61: River Birch-Sycamore","Shrub-dominated","Shrubland","Mixed evergreen-deciduous shrubland",0,92,0,0,0.360784,0,38,0
9782,185,"West Gulf Coastal Plain Large River Floodplain Shrubland",9282,2473,"Tr Gulf and Atlantic Coastal Plain Floodplain Systems","Shrub","Riparian",666,"Eastern Floodplain Forests","SAF 92: Sweetgum-Willow Oak","Shrub-dominated","Shrubland","Mixed evergreen-deciduous shrubland",145,255,115,0.568627,1,0.45098,41,0
9784,61,"West Gulf Coastal Plain Small Stream and River Shrubland",9284,2474,"Tr Gulf and Atlantic Coastal Plain Small Stream Riparian Systems","Shrub","Riparian",668,"Eastern Small Stream Riparian Forests","SAF 92: Sweetgum-Willow Oak","Shrub-dominated","Shrubland","Mixed evergreen-deciduous shrubland",145,255,115,0.568627,1,0.45098,14,0
9785,3813,"West Gulf Coastal Plain Small Stream and River Herbaceous",9284,2474,"Tr Gulf and Atlantic Coastal Plain Small Stream Riparian Systems","Herb","Riparian",668,"Eastern Small Stream Riparian Forests","SAF 92: Sweetgum-Willow Oak","Herbaceous / Nonvascular-dominated","Herbaceous - grassland","Perennial graminoid",145,255,115,0.568627,1,0.45098,848,0
9994,956,"West Gulf Coastal Plain Herbaceous Seep and Bog",9994,2597,"He West Gulf Coastal Plain Herbaceous Seep and Bog","Herb","Riparian",675,"Inland Marshes and Prairies","LF 70: Gulf Coastal Plain Herbaceous Wetland","Herbaceous / Nonvascular-dominated","Herbaceous - grassland","Perennial graminoid grassland",255,153,0,1,0.6,0,213,0
